{
    "rmse": 230.70566059887798,
    "mae": 181.09558018442115,
    "r2": -0.03248188252104511
}